id,first_name,last_name,email,gender,ip_address
1,Sol,Slight,sslight0@nhs.uk,Male,72.122.238.37
2,Sarge,Pentecost,spentecost1@mail.ru,Male,194.199.99.54
3,Dorothy,Masding,dmasding2@usda.gov,Female,41.18.149.112
4,Gae,Eary,geary3@mapy.cz,Female,25.20.49.70
5,Nadeen,Zoppo,nzoppo4@abc.net.au,Female,161.75.236.222
6,Janna,Cocksedge,jcocksedge5@mayoclinic.com,Female,107.59.112.68
7,Parke,Tunaclift,ptunaclift6@pcworld.com,Male,63.101.60.142
8,Nike,Lindl,nlindl7@nyu.edu,Female,63.17.56.106
9,Quinton,Vallintine,qvallintine8@t-online.de,Male,95.188.102.137
10,Pen,O' Ronan,poronan9@exblog.jp,Male,76.237.89.45
11,Gill,Sackes,gsackesa@vistaprint.com,Female,11.95.166.152
12,Nona,Lowes,nlowesb@indiatimes.com,Female,80.189.29.223
13,Lindsey,Cotman,lcotmanc@youku.com,Male,168.234.236.253
14,Van,Setford,vsetfordd@umich.edu,Male,69.189.234.122
15,Earle,Choake,echoakee@rakuten.co.jp,Male,198.193.159.146
16,Ludwig,Taudevin,ltaudevinf@phpbb.com,Male,101.202.186.224
17,Currie,Cyster,ccysterg@sogou.com,Male,237.82.119.205
18,Pepito,Kilmurray,pkilmurrayh@usnews.com,Male,174.68.17.118
19,Fonsie,Fedder,ffedderi@arizona.edu,Male,30.21.47.168
20,Natividad,Dyzart,ndyzartj@infoseek.co.jp,Female,68.89.35.119
21,Shaun,Conan,sconank@mit.edu,Male,28.118.86.191
22,Dale,Tassell,dtasselll@php.net,Male,163.71.23.75
23,Huberto,Sancias,hsanciasm@ed.gov,Male,111.47.192.152
24,Dacie,Biesty,dbiestyn@shop-pro.jp,Female,195.18.55.35
25,Fons,Dysert,fdyserto@people.com.cn,Male,174.222.67.24
26,Roselin,Belloch,rbellochp@google.fr,Female,65.166.37.11
27,Krysta,Verbrugghen,kverbrugghenq@nationalgeographic.com,Female,149.159.182.234
28,Justinian,Levens,jlevensr@linkedin.com,Male,202.122.252.150
29,Jody,Capstick,jcapsticks@ifeng.com,Female,59.29.58.237
30,Julio,Rutherford,jrutherfordt@acquirethisname.com,Male,247.30.213.146
31,Jsandye,Lomas,jlomasu@disqus.com,Female,145.162.132.2
32,Kissee,Peacocke,kpeacockev@google.com.au,Female,189.186.217.51
33,Alla,Proger,aprogerw@abc.net.au,Female,232.108.247.68
34,Denis,Derill,dderillx@xing.com,Male,77.43.63.131
35,Benn,Keeves,bkeevesy@netvibes.com,Male,163.154.73.101
36,Ward,Calf,wcalfz@posterous.com,Male,173.22.215.221
37,Joane,Childs,jchilds10@cloudflare.com,Female,120.16.159.113
38,Paulie,D'Ugo,pdugo11@apache.org,Male,21.61.58.126
39,Leah,Doogue,ldoogue12@people.com.cn,Female,148.249.235.109
40,Josepha,Purvis,jpurvis13@unc.edu,Female,221.197.48.96
41,Aurlie,Monckman,amonckman14@nationalgeographic.com,Female,52.201.128.20
42,Junia,Gwatkin,jgwatkin15@goo.ne.jp,Female,173.233.190.121
43,Lisette,St. Hill,lsthill16@sbwire.com,Female,143.4.254.12
44,Cleopatra,Legg,clegg17@weibo.com,Female,110.144.216.233
45,Chucho,Elner,celner18@hugedomains.com,Male,174.131.173.98
46,Bronnie,Garroway,bgarroway19@nih.gov,Male,243.85.88.182
47,Amil,Cotgrave,acotgrave1a@dion.ne.jp,Female,96.48.223.121
48,Vasilis,Cayzer,vcayzer1b@cbsnews.com,Male,41.115.187.74
49,Rustie,Rubinek,rrubinek1c@digg.com,Male,218.188.148.173
50,Felipe,Rozier,frozier1d@fastcompany.com,Male,219.126.114.138
51,Tania,Robilliard,trobilliard1e@nytimes.com,Female,18.46.138.204
52,Benyamin,Rubury,brubury1f@ucla.edu,Male,144.18.144.35
53,Korey,Chevers,kchevers1g@nytimes.com,Male,4.165.45.234
54,Vivienne,Field,vfield1h@tripadvisor.com,Female,146.177.204.65
55,Babara,Lydiatt,blydiatt1i@freewebs.com,Female,207.175.91.100
56,Olivie,Salthouse,osalthouse1j@fema.gov,Female,246.239.68.250
57,Antin,Blincow,ablincow1k@stumbleupon.com,Male,105.191.36.160
58,Estele,Peschke,epeschke1l@shop-pro.jp,Female,43.63.49.40
59,Augy,Vuittet,avuittet1m@printfriendly.com,Male,56.17.214.209
60,Eachelle,Callington,ecallington1n@taobao.com,Female,26.175.67.242
61,Ode,Hattigan,ohattigan1o@ning.com,Male,6.109.221.213
62,Donni,Weeke,dweeke1p@cdc.gov,Female,92.101.24.159
63,Corbie,Rheam,crheam1q@ca.gov,Male,191.92.51.93
64,Wilek,Tellenbach,wtellenbach1r@godaddy.com,Male,249.132.118.29
65,Eunice,McCahill,emccahill1s@upenn.edu,Female,156.54.168.11
66,Joela,Zannini,jzannini1t@arstechnica.com,Female,209.83.14.147
67,Chryste,Skate,cskate1u@unesco.org,Female,240.97.27.62
68,Dillie,Biggerdike,dbiggerdike1v@qq.com,Male,4.97.161.133
69,Ferdinande,Spiers,fspiers1w@nyu.edu,Female,60.58.48.21
70,Claudio,Imlen,cimlen1x@weather.com,Male,168.193.189.39
71,Dukie,Vallintine,dvallintine1y@trellian.com,Male,112.244.102.186
72,Marlyn,Lutz,mlutz1z@vistaprint.com,Female,55.131.230.248
73,Arvie,Fruser,afruser20@icq.com,Male,34.177.51.4
74,Easter,Cardall,ecardall21@nih.gov,Female,44.106.36.94
75,Armand,Menego,amenego22@tripadvisor.com,Male,120.56.255.15
76,Alida,Di Ruggiero,adiruggiero23@ifeng.com,Female,46.118.73.201
77,Austen,Bramelt,abramelt24@buzzfeed.com,Male,47.234.50.25
78,Vyky,Allibon,vallibon25@elegantthemes.com,Female,149.173.212.101
79,Tobin,Getty,tgetty26@redcross.org,Male,148.49.2.187
80,Maybelle,Hagston,mhagston27@wired.com,Female,252.61.117.148
81,Tedra,Kighly,tkighly28@technorati.com,Female,233.231.140.165
82,Dede,Lowen,dlowen29@blog.com,Female,54.142.15.170
83,Herbie,Welham,hwelham2a@topsy.com,Male,231.207.232.199
84,Mathew,Dutch,mdutch2b@blogs.com,Male,205.54.175.186
85,Thomas,Heatherington,theatherington2c@miitbeian.gov.cn,Male,243.68.74.54
86,Welsh,Berzins,wberzins2d@skype.com,Male,193.117.53.240
87,Gnni,Polsin,gpolsin2e@addthis.com,Female,229.245.224.219
88,Angy,Wenderoth,awenderoth2f@google.co.jp,Female,154.2.213.0
89,Normand,Cleeton,ncleeton2g@cisco.com,Male,125.162.230.198
90,Grayce,Broxup,gbroxup2h@meetup.com,Female,213.132.4.187
91,Thorin,Bugbird,tbugbird2i@wired.com,Male,253.219.43.79
92,Rozamond,Peizer,rpeizer2j@uol.com.br,Female,178.91.215.72
93,Leia,Gyngyll,lgyngyll2k@multiply.com,Female,21.153.245.223
94,Dorette,Blyden,dblyden2l@usatoday.com,Female,190.129.33.209
95,Dorothee,Jeskin,djeskin2m@pagesperso-orange.fr,Female,82.137.178.211
96,Sigfried,Laverty,slaverty2n@amazon.co.uk,Male,168.237.156.37
97,Laverna,Greenhall,lgreenhall2o@dyndns.org,Female,168.141.141.74
98,Creight,Borkin,cborkin2p@zdnet.com,Male,133.238.91.221
99,Elias,Wahlberg,ewahlberg2q@cafepress.com,Male,221.53.77.163
100,Kliment,Vinson,kvinson2r@seesaa.net,Male,120.29.75.220
101,Isaac,Bier,ibier2s@example.com,Male,136.172.179.32
102,Kele,Crinidge,kcrinidge2t@reddit.com,Male,56.19.170.9
103,Isador,Cheers,icheers2u@vistaprint.com,Male,174.252.245.194
104,Andeee,MacDunlevy,amacdunlevy2v@php.net,Female,138.68.213.226
105,Frayda,Bunton,fbunton2w@artisteer.com,Female,251.244.215.143
106,Gordan,Slainey,gslainey2x@blogger.com,Male,203.158.64.123
107,Waite,Tromans,wtromans2y@wikipedia.org,Male,121.227.134.166
108,Nappy,Inkin,ninkin2z@reddit.com,Male,133.143.26.18
109,Ericka,Dreakin,edreakin30@webnode.com,Female,11.88.151.32
110,Clair,Mogie,cmogie31@netlog.com,Female,89.57.60.83
111,Holt,Kirley,hkirley32@rakuten.co.jp,Male,248.210.177.201
112,Hugo,Tern,htern33@ocn.ne.jp,Male,184.211.9.1
113,Valle,Treby,vtreby34@comcast.net,Male,126.51.224.87
114,Norrie,Brand,nbrand35@clickbank.net,Female,235.214.103.59
115,Ann,Barnhill,abarnhill36@artisteer.com,Female,182.150.141.92
116,Kerry,Rissom,krissom37@elegantthemes.com,Male,11.9.78.243
117,Sheela,Maddick,smaddick38@sphinn.com,Female,178.245.213.149
118,Clo,Quillinane,cquillinane39@arstechnica.com,Female,228.184.161.194
119,Holt,Furminger,hfurminger3a@yahoo.co.jp,Male,111.38.34.188
120,Nester,Serrier,nserrier3b@so-net.ne.jp,Male,145.0.196.184
121,Shel,Joincey,sjoincey3c@pbs.org,Female,240.182.127.228
122,Jody,Andryushchenko,jandryushchenko3d@engadget.com,Female,141.50.55.251
123,Raff,Vakhlov,rvakhlov3e@so-net.ne.jp,Male,158.236.248.94
124,Gae,Antonio,gantonio3f@is.gd,Female,201.73.138.133
125,Coreen,Jacobssen,cjacobssen3g@bigcartel.com,Female,67.248.219.56
126,Dolly,Birdwistle,dbirdwistle3h@hhs.gov,Female,230.109.148.39
127,Bernarr,Kernes,bkernes3i@posterous.com,Male,28.46.19.10
128,Davidson,Bocke,dbocke3j@chicagotribune.com,Male,68.169.166.200
129,Patrizius,Stickings,pstickings3k@usatoday.com,Male,56.216.122.241
130,Rebekkah,Dallimore,rdallimore3l@sogou.com,Female,85.203.124.253
131,Laraine,McIlvenna,lmcilvenna3m@is.gd,Female,30.163.89.252
132,Sancho,Grolle,sgrolle3n@businesswire.com,Male,8.131.83.60
133,Dorothee,Weare,dweare3o@e-recht24.de,Female,235.122.103.95
134,Nisse,Rabjohns,nrabjohns3p@mac.com,Female,30.44.124.246
135,Thekla,Benninck,tbenninck3q@usa.gov,Female,56.183.151.224
136,Gerard,Slimings,gslimings3r@bbb.org,Male,115.225.209.142
137,Bonnibelle,Jemmett,bjemmett3s@cbc.ca,Female,11.213.163.21
138,Jessalyn,Huish,jhuish3t@gnu.org,Female,202.251.218.197
139,Gloriana,Pauletto,gpauletto3u@army.mil,Female,151.53.49.124
140,Towny,Giffkins,tgiffkins3v@upenn.edu,Male,96.29.198.146
141,Dalston,Udden,dudden3w@mapy.cz,Male,170.251.91.248
142,Bride,Blowick,bblowick3x@mozilla.com,Female,42.206.225.23
143,Kimbra,Arro,karro3y@last.fm,Female,121.175.40.238
144,Davy,Gowan,dgowan3z@weather.com,Male,27.118.155.188
145,Tabbatha,Trinkwon,ttrinkwon40@abc.net.au,Female,195.250.200.18
146,Ollie,Targe,otarge41@ow.ly,Female,194.69.250.89
147,Alanson,Goff,agoff42@latimes.com,Male,192.208.69.85
148,Ruby,Chaney,rchaney43@networkadvertising.org,Female,25.0.153.6
149,Daren,Dumphy,ddumphy44@ox.ac.uk,Male,76.100.153.217
150,Kendall,Jaksic,kjaksic45@comcast.net,Male,247.153.215.165
151,Elbertina,Sute,esute46@globo.com,Female,76.114.50.237
152,Otes,Palleske,opalleske47@smugmug.com,Male,84.249.19.99
153,Upton,Arrighi,uarrighi48@berkeley.edu,Male,91.69.157.93
154,Tiphanie,Orrum,torrum49@slate.com,Female,177.55.9.179
155,Gena,Meier,gmeier4a@twitter.com,Female,49.156.189.124
156,Ethelind,Allsworth,eallsworth4b@mysql.com,Female,119.225.183.19
157,Lora,Marcum,lmarcum4c@squarespace.com,Female,139.210.67.68
158,Ivor,Shout,ishout4d@jugem.jp,Male,220.132.42.58
159,Mar,Grenfell,mgrenfell4e@hostgator.com,Male,174.96.18.60
160,Lenna,Dunkerley,ldunkerley4f@woothemes.com,Female,4.38.250.74
161,Emlyn,Smithson,esmithson4g@github.io,Male,78.25.18.206
162,Nanice,Gouck,ngouck4h@taobao.com,Female,177.173.30.67
163,Germain,Bollands,gbollands4i@reddit.com,Female,207.211.27.89
164,Margery,Chaves,mchaves4j@csmonitor.com,Female,166.146.251.203
165,Cassandra,Morhall,cmorhall4k@msn.com,Female,128.195.118.182
166,Betsey,Bedburrow,bbedburrow4l@facebook.com,Female,21.195.159.45
167,Chaunce,Wenn,cwenn4m@paginegialle.it,Male,148.7.55.51
168,Aloysia,Delamaine,adelamaine4n@techcrunch.com,Female,35.251.184.68
169,Matias,Glazebrook,mglazebrook4o@nbcnews.com,Male,144.4.115.248
170,Chariot,Sainte Paul,csaintepaul4p@tinypic.com,Male,125.229.65.101
171,Gene,Lermouth,glermouth4q@xing.com,Female,249.133.206.229
172,Neilla,Shortin,nshortin4r@51.la,Female,135.99.79.98
173,Ella,Markwelley,emarkwelley4s@whitehouse.gov,Female,206.209.147.28
174,Caesar,Al Hirsi,calhirsi4t@unblog.fr,Male,20.75.177.9
175,Lee,Kidner,lkidner4u@shinystat.com,Female,146.250.121.215
176,Sigmund,Attenborough,sattenborough4v@taobao.com,Male,178.113.9.79
177,Rabbi,Stiant,rstiant4w@dedecms.com,Male,167.87.74.138
178,Bertha,Warburton,bwarburton4x@addtoany.com,Female,149.8.179.173
179,Mauricio,Rouch,mrouch4y@yolasite.com,Male,164.10.17.251
180,Joan,Weathers,jweathers4z@xing.com,Female,151.140.79.105
181,Chadwick,Pirelli,cpirelli50@purevolume.com,Male,115.196.53.128
182,Valdemar,Rosenwasser,vrosenwasser51@google.pl,Male,130.136.189.191
183,Cornelius,Ashplant,cashplant52@economist.com,Male,212.215.214.222
184,Cynde,Stoneley,cstoneley53@wp.com,Female,144.238.128.124
185,Jarret,Cockin,jcockin54@sfgate.com,Male,216.112.172.140
186,Gerek,Harmston,gharmston55@upenn.edu,Male,9.143.47.64
187,Maxwell,Eubank,meubank56@storify.com,Male,130.96.47.210
188,Ron,Savory,rsavory57@free.fr,Male,15.204.33.224
189,Dru,Bixley,dbixley58@omniture.com,Female,126.25.75.93
190,Parry,Doble,pdoble59@360.cn,Male,186.4.225.180
191,Dick,Flowers,dflowers5a@zimbio.com,Male,202.138.206.127
192,Hercules,Hartshorne,hhartshorne5b@diigo.com,Male,42.224.233.241
193,Pall,Burnhard,pburnhard5c@state.tx.us,Male,193.206.250.143
194,Hetty,Hagerty,hhagerty5d@twitter.com,Female,54.3.73.183
195,Kippie,Pellew,kpellew5e@illinois.edu,Female,232.214.41.75
196,Hervey,Alfwy,halfwy5f@desdev.cn,Male,100.179.176.238
197,Dorothy,Probyn,dprobyn5g@goo.ne.jp,Female,88.90.126.112
198,Hillyer,Jeannel,hjeannel5h@amazon.co.uk,Male,237.201.98.64
199,Tim,Goundry,tgoundry5i@ihg.com,Male,93.24.149.138
200,Harv,Janzen,hjanzen5j@wikipedia.org,Male,27.250.158.237
201,Yank,Shallcroff,yshallcroff5k@nydailynews.com,Male,23.119.78.197
202,Adelind,Janeway,ajaneway5l@timesonline.co.uk,Female,200.88.82.187
203,Robin,Rivallant,rrivallant5m@walmart.com,Male,251.241.50.87
204,Celestyn,Shimony,cshimony5n@edublogs.org,Female,208.205.94.250
205,Olivette,Gilligan,ogilligan5o@yahoo.co.jp,Female,162.42.222.138
206,Bartholemy,Tew,btew5p@apache.org,Male,40.94.32.36
207,Cori,Woolaghan,cwoolaghan5q@surveymonkey.com,Male,117.40.106.192
208,Lyndsie,Phillcock,lphillcock5r@rambler.ru,Female,218.177.221.110
209,Aldwin,Taudevin,ataudevin5s@plala.or.jp,Male,129.243.13.244
210,Efrem,Lever,elever5t@msu.edu,Male,53.60.91.29
211,Welch,Robertacci,wrobertacci5u@msn.com,Male,85.130.153.212
212,Angelo,Atteridge,aatteridge5v@indiatimes.com,Male,148.29.104.157
213,Correna,Loftie,cloftie5w@cornell.edu,Female,244.77.78.193
214,Efren,Duckers,educkers5x@google.pl,Male,201.199.174.83
215,Lira,Reddlesden,lreddlesden5y@arstechnica.com,Female,199.7.165.175
216,Nola,Fencott,nfencott5z@so-net.ne.jp,Female,169.109.193.38
217,Madeleine,Fawthorpe,mfawthorpe60@cloudflare.com,Female,249.58.118.197
218,Thomas,Gerrey,tgerrey61@bandcamp.com,Male,192.87.202.234
219,Kristel,Sinyard,ksinyard62@bloomberg.com,Female,171.163.89.48
220,Eben,Duffyn,eduffyn63@elegantthemes.com,Male,67.106.96.238
221,Wittie,Ferencowicz,wferencowicz64@loc.gov,Male,202.255.131.165
222,Mellisent,Foreman,mforeman65@guardian.co.uk,Female,167.172.166.108
223,Rosemaria,Colgan,rcolgan66@prweb.com,Female,40.96.4.138
224,Katti,Proschek,kproschek67@jigsy.com,Female,124.84.110.175
225,Arv,Robberts,arobberts68@godaddy.com,Male,88.146.119.59
226,Jessee,Scupham,jscupham69@yahoo.co.jp,Male,138.71.243.229
227,Malissia,Gumb,mgumb6a@epa.gov,Female,23.252.11.119
228,Darb,Andrysek,dandrysek6b@statcounter.com,Female,118.128.41.6
229,Davey,Oade,doade6c@icio.us,Male,16.228.187.36
230,Shannah,Warrilow,swarrilow6d@globo.com,Female,221.67.69.53
231,Odessa,Cowern,ocowern6e@cbslocal.com,Female,186.182.196.213
232,Nicolas,Lydford,nlydford6f@acquirethisname.com,Male,60.246.102.69
233,Shel,Measham,smeasham6g@technorati.com,Female,9.21.12.73
234,Scarlet,Churchouse,schurchouse6h@cnn.com,Female,181.65.255.198
235,Archy,Balasini,abalasini6i@is.gd,Male,176.143.134.235
236,Gradey,Kohrs,gkohrs6j@slideshare.net,Male,24.222.26.131
237,Pavla,Finnemore,pfinnemore6k@economist.com,Female,152.45.124.94
238,Hasty,Tanzer,htanzer6l@fema.gov,Male,208.2.231.15
239,Bernadene,Bougen,bbougen6m@usatoday.com,Female,81.120.134.195
240,Gunter,Fairney,gfairney6n@homestead.com,Male,144.140.233.45
241,Bella,Clotworthy,bclotworthy6o@rambler.ru,Female,191.38.11.178
242,Munmro,Hazley,mhazley6p@cafepress.com,Male,166.69.135.134
243,Eda,Sergean,esergean6q@symantec.com,Female,221.11.9.112
244,Ernesta,McCaig,emccaig6r@blog.com,Female,192.55.130.97
245,Benedict,Scala,bscala6s@comcast.net,Male,73.146.93.214
246,Andria,Bolter,abolter6t@sina.com.cn,Female,0.66.41.197
247,Pauly,Lamble,plamble6u@redcross.org,Female,178.55.66.229
248,Abra,Greaves,agreaves6v@sun.com,Female,81.1.238.197
249,Ronny,Neylon,rneylon6w@apache.org,Male,84.159.98.23
250,Rafferty,Corbishley,rcorbishley6x@deviantart.com,Male,48.176.208.19
251,Tim,Inwood,tinwood6y@loc.gov,Male,249.178.87.125
252,Alphonse,Lauderdale,alauderdale6z@eepurl.com,Male,153.145.204.133
253,Addy,Lowers,alowers70@msu.edu,Female,2.235.71.229
254,Kippie,Gemnett,kgemnett71@ucla.edu,Male,74.69.125.33
255,Ephraim,Hanselmann,ehanselmann72@symantec.com,Male,78.120.159.54
256,Valida,Pescod,vpescod73@sitemeter.com,Female,218.32.181.2
257,Julie,Caccavella,jcaccavella74@columbia.edu,Male,55.104.103.246
258,Chloette,Daveley,cdaveley75@loc.gov,Female,54.157.104.138
259,Cissiee,Kenen,ckenen76@squarespace.com,Female,72.61.219.47
260,Lin,Brougham,lbrougham77@ftc.gov,Female,125.195.218.136
261,Britni,Sterland,bsterland78@mit.edu,Female,67.87.197.186
262,Isidore,Brandin,ibrandin79@oakley.com,Male,211.249.64.102
263,Brunhilde,McCandie,bmccandie7a@fc2.com,Female,114.149.202.194
264,Aylmer,Cutchee,acutchee7b@utexas.edu,Male,251.111.112.221
265,Delinda,Anglin,danglin7c@blinklist.com,Female,215.247.113.198
266,Shay,Ludmann,sludmann7d@reverbnation.com,Male,229.114.102.95
267,Sanderson,Burnitt,sburnitt7e@uiuc.edu,Male,201.202.249.9
268,Sig,De Zuani,sdezuani7f@fema.gov,Male,176.41.15.242
269,Aarika,Baskeyfied,abaskeyfied7g@google.es,Female,138.47.13.45
270,Ashil,Rantoull,arantoull7h@shinystat.com,Female,8.89.120.162
271,Demeter,Riordan,driordan7i@fotki.com,Female,251.108.45.224
272,Cathryn,Stroder,cstroder7j@istockphoto.com,Female,172.234.211.90
273,Staci,Klaas,sklaas7k@bbb.org,Female,73.98.4.176
274,Pamelina,Niche,pniche7l@ehow.com,Female,62.169.102.58
275,Marti,Keyson,mkeyson7m@mail.ru,Female,32.19.163.18
276,Robinet,Fillary,rfillary7n@g.co,Male,157.119.139.213
277,Reid,Sheircliffe,rsheircliffe7o@alibaba.com,Male,198.234.88.19
278,Genevra,Rosander,grosander7p@mashable.com,Female,144.54.60.91
279,Gabriel,January,gjanuary7q@toplist.cz,Male,242.50.162.183
280,Janka,Squires,jsquires7r@deliciousdays.com,Female,252.218.26.184
281,Lalo,Tropman,ltropman7s@istockphoto.com,Male,89.63.151.214
282,Kara-lynn,Le Claire,kleclaire7t@yelp.com,Female,194.14.37.76
283,Rocky,Canedo,rcanedo7u@bbc.co.uk,Male,141.2.204.163
284,Dexter,Money,dmoney7v@discovery.com,Male,89.184.151.142
285,Cyrill,Fidell,cfidell7w@mapquest.com,Male,63.187.21.217
286,Allys,Bartelot,abartelot7x@yale.edu,Female,95.75.113.15
287,Tomasine,Boutellier,tboutellier7y@barnesandnoble.com,Female,171.160.199.217
288,Matthieu,Kydd,mkydd7z@accuweather.com,Male,193.105.219.193
289,Leone,Beckmann,lbeckmann80@tripadvisor.com,Female,117.191.184.59
290,Shell,Bristow,sbristow81@nydailynews.com,Male,175.14.122.249
291,Kaitlin,Exposito,kexposito82@jugem.jp,Female,96.135.22.78
292,Wilek,Slyford,wslyford83@ucoz.com,Male,167.112.125.26
293,Mariann,Stonebanks,mstonebanks84@marketwatch.com,Female,174.125.151.119
294,Hyacinth,Mulcaster,hmulcaster85@nba.com,Female,150.126.146.137
295,Martelle,Walford,mwalford86@alibaba.com,Female,87.247.20.123
296,Dukey,Stonnell,dstonnell87@netvibes.com,Male,100.155.85.222
297,Colin,Ellicock,cellicock88@cmu.edu,Male,49.56.115.235
298,Perla,Bairstow,pbairstow89@artisteer.com,Female,13.157.50.201
299,Cam,Andriolli,candriolli8a@japanpost.jp,Male,24.113.182.112
300,Katusha,Forman,kforman8b@arstechnica.com,Female,155.44.58.53
301,Roxane,Gosneye,rgosneye8c@unc.edu,Female,152.120.188.178
302,Jakie,Heiden,jheiden8d@indiatimes.com,Male,148.230.234.27
303,Morey,Kellaway,mkellaway8e@blogspot.com,Male,37.223.122.94
304,Perrine,Spurriar,pspurriar8f@theatlantic.com,Female,181.246.60.119
305,Madeline,Brecon,mbrecon8g@google.co.uk,Female,198.204.108.109
306,Augusto,Conford,aconford8h@naver.com,Male,176.45.115.196
307,Robin,Bruggen,rbruggen8i@jimdo.com,Male,206.155.73.153
308,Siana,Dade,sdade8j@dot.gov,Female,165.120.45.25
309,Jerrie,Bourthouloume,jbourthouloume8k@simplemachines.org,Female,225.208.61.209
310,Chryste,Oakden,coakden8l@ihg.com,Female,24.77.253.239
311,Millicent,Shelmardine,mshelmardine8m@taobao.com,Female,238.146.113.247
312,Lorianna,Rahl,lrahl8n@pbs.org,Female,154.111.51.85
313,Clerc,Thurman,cthurman8o@ifeng.com,Male,133.225.38.99
314,Armin,Sheron,asheron8p@boston.com,Male,151.150.232.36
315,Uri,Matteotti,umatteotti8q@dion.ne.jp,Male,214.136.12.103
316,Titos,Helwig,thelwig8r@csmonitor.com,Male,135.245.2.158
317,Cayla,Hartridge,chartridge8s@zimbio.com,Female,90.183.131.211
318,Justina,Filde,jfilde8t@people.com.cn,Female,220.223.168.138
319,Jocelyn,Ianne,jianne8u@nationalgeographic.com,Female,239.229.245.122
320,Evy,Wedlake,ewedlake8v@yandex.ru,Female,9.248.175.82
321,Moises,Goodsell,mgoodsell8w@dell.com,Male,162.152.166.81
322,Der,Gullivan,dgullivan8x@yellowbook.com,Male,90.135.245.234
323,Hope,Bute,hbute8y@cnbc.com,Female,115.196.197.54
324,Allx,Lago,alago8z@youtube.com,Female,90.144.95.226
325,Angela,Forrington,aforrington90@last.fm,Female,203.83.171.107
326,Davon,Lamcken,dlamcken91@de.vu,Male,107.66.186.156
327,Burk,Smalcombe,bsmalcombe92@last.fm,Male,132.194.31.182
328,Todd,Shepherdson,tshepherdson93@gravatar.com,Male,115.149.246.159
329,Gaylene,Pallaske,gpallaske94@utexas.edu,Female,33.239.122.196
330,Ariel,Farington,afarington95@intel.com,Male,150.203.100.108
331,Stinky,Burgh,sburgh96@bandcamp.com,Male,89.31.69.170
332,Lalo,Eversley,leversley97@census.gov,Male,92.231.36.203
333,Emmy,Dundendale,edundendale98@ed.gov,Female,248.19.38.61
334,Felita,Kenford,fkenford99@merriam-webster.com,Female,44.157.71.241
335,Tudor,Boxhall,tboxhall9a@techcrunch.com,Male,14.186.178.187
336,Lock,Bows,lbows9b@amazon.de,Male,181.148.17.247
337,Letitia,Boake,lboake9c@adobe.com,Female,16.148.65.213
338,Elna,D'Ambrosio,edambrosio9d@cyberchimps.com,Female,210.221.243.75
339,Aristotle,Gogerty,agogerty9e@ted.com,Male,82.10.125.74
340,Broddie,Merman,bmerman9f@naver.com,Male,224.225.41.155
341,Marla,Capponer,mcapponer9g@nih.gov,Female,187.230.171.244
342,Linnea,Austick,laustick9h@phpbb.com,Female,153.2.100.187
343,Minetta,Erratt,merratt9i@wordpress.com,Female,68.67.29.140
344,Calla,Peachey,cpeachey9j@about.com,Female,49.20.61.30
345,Camila,Adcocks,cadcocks9k@discovery.com,Female,121.100.207.231
346,Allianora,Tallon,atallon9l@psu.edu,Female,123.187.228.94
347,Casi,Mustin,cmustin9m@mozilla.com,Female,201.12.171.52
348,Henryetta,Shiels,hshiels9n@facebook.com,Female,132.147.70.102
349,Jayson,Dennistoun,jdennistoun9o@ftc.gov,Male,117.172.183.228
350,Mirna,Kubanek,mkubanek9p@simplemachines.org,Female,108.249.198.173
351,Pippo,Kimbly,pkimbly9q@themeforest.net,Male,188.64.213.83
352,Kelsy,Rattray,krattray9r@lulu.com,Female,77.193.251.90
353,Obidiah,Strood,ostrood9s@ebay.co.uk,Male,80.10.144.42
354,Sascha,Aluard,saluard9t@quantcast.com,Female,116.65.27.150
355,Jarid,De Cleen,jdecleen9u@nifty.com,Male,158.21.13.213
356,Nickola,Pembery,npembery9v@sphinn.com,Male,13.129.93.191
357,Clayton,Torre,ctorre9w@dell.com,Male,220.54.207.233
358,Betteanne,Scantleberry,bscantleberry9x@imgur.com,Female,132.24.197.185
359,Brig,Semonin,bsemonin9y@fda.gov,Male,122.66.187.247
360,Bessie,Shave,bshave9z@cbslocal.com,Female,154.8.105.190
361,Rodrique,Kingsnode,rkingsnodea0@php.net,Male,163.35.107.171
362,Nolan,Critcher,ncritchera1@usa.gov,Male,157.208.148.247
363,Tania,Lilloe,tlilloea2@youku.com,Female,135.80.34.135
364,Bridget,Pettegre,bpettegrea3@sourceforge.net,Female,22.45.75.121
365,Cindee,Blakeley,cblakeleya4@msn.com,Female,86.236.50.16
366,Gordan,Dikes,gdikesa5@slashdot.org,Male,108.136.135.44
367,Georg,Vasilyev,gvasilyeva6@nih.gov,Male,222.56.97.54
368,Payton,Stapells,pstapellsa7@nytimes.com,Male,100.131.179.149
369,Nick,Potteril,npotterila8@parallels.com,Male,211.163.200.210
370,Nicolais,Perritt,nperritta9@networkadvertising.org,Male,36.184.214.94
371,Roslyn,Tonsley,rtonsleyaa@histats.com,Female,105.64.234.141
372,Ebeneser,Everly,eeverlyab@nytimes.com,Male,210.240.197.63
373,Lorena,Manifould,lmanifouldac@twitpic.com,Female,169.123.124.7
374,Lucho,Baxter,lbaxterad@mysql.com,Male,62.0.235.209
375,Megen,Moehler,mmoehlerae@umich.edu,Female,242.251.36.235
376,Angelia,Whilder,awhilderaf@dailymail.co.uk,Female,238.88.160.212
377,Hanni,Barles,hbarlesag@ucoz.com,Female,9.240.204.234
378,Graeme,Kennaway,gkennawayah@icio.us,Male,199.90.107.164
379,Netty,Stife,nstifeai@rambler.ru,Female,226.10.26.101
380,Rudyard,Sandeman,rsandemanaj@google.de,Male,185.187.247.91
381,Celestyn,Beynon,cbeynonak@seesaa.net,Female,63.228.224.95
382,Diena,Thoms,dthomsal@gmpg.org,Female,63.242.114.29
383,Anastassia,Mechan,amechanam@shareasale.com,Female,225.103.208.218
384,Della,Polgreen,dpolgreenan@photobucket.com,Female,211.55.245.157
385,Cheri,Badam,cbadamao@dropbox.com,Female,6.111.79.58
386,Colman,Lackemann,clackemannap@people.com.cn,Male,88.143.99.231
387,Sybil,Davidesco,sdavidescoaq@123-reg.co.uk,Female,238.169.33.73
388,Henrietta,Orable,horablear@unicef.org,Female,148.144.180.154
389,Reeta,Garlinge,rgarlingeas@wiley.com,Female,210.6.51.198
390,Brannon,Rottcher,brottcherat@odnoklassniki.ru,Male,35.68.196.189
391,Tansy,Wittey,twitteyau@usda.gov,Female,2.224.231.141
392,Shay,La Wille,slawilleav@yellowpages.com,Male,134.123.20.195
393,Manuel,Semple,msempleaw@vinaora.com,Male,85.181.193.178
394,Nolan,Rozzell,nrozzellax@photobucket.com,Male,160.3.210.193
395,Vladamir,MacAne,vmacaneay@furl.net,Male,160.88.157.176
396,Peder,Banstead,pbansteadaz@yolasite.com,Male,81.73.14.125
397,Forster,Habble,fhabbleb0@friendfeed.com,Male,140.63.222.143
398,Erin,Marney,emarneyb1@issuu.com,Male,65.196.26.52
399,Moe,Belle,mbelleb2@edublogs.org,Male,140.246.138.0
400,Coletta,Thomason,cthomasonb3@earthlink.net,Female,238.237.67.166
401,Karil,Vallantine,kvallantineb4@howstuffworks.com,Female,53.72.181.230
402,Oriana,Betjeman,obetjemanb5@cdc.gov,Female,169.251.91.142
403,Andris,Scamerden,ascamerdenb6@mozilla.com,Male,26.143.79.27
404,Damian,Peplay,dpeplayb7@elegantthemes.com,Male,11.2.241.4
405,Hillie,Springer,hspringerb8@slashdot.org,Male,38.112.190.150
406,Robbin,Eisikovitsh,reisikovitshb9@nba.com,Female,231.48.37.71
407,Stace,Gething,sgethingba@technorati.com,Female,29.196.244.236
408,Sibilla,Thomen,sthomenbb@dagondesign.com,Female,154.193.52.150
409,Eli,Albiston,ealbistonbc@nih.gov,Male,72.30.4.196
410,Osborn,Pickworth,opickworthbd@latimes.com,Male,230.138.212.123
411,Raychel,Osbaldeston,rosbaldestonbe@bing.com,Female,29.237.150.219
412,Marilyn,Dilworth,mdilworthbf@cbc.ca,Female,185.131.180.239
413,Anneliese,Zarb,azarbbg@virginia.edu,Female,20.161.171.185
414,Sondra,Freeberne,sfreebernebh@is.gd,Female,165.67.51.242
415,Glenden,Ferrari,gferraribi@icq.com,Male,151.190.51.229
416,Betsy,Bisp,bbispbj@cbslocal.com,Female,111.14.223.223
417,Myrvyn,Ancketill,mancketillbk@google.co.uk,Male,179.208.40.146
418,Haley,Stickells,hstickellsbl@friendfeed.com,Female,239.52.90.95
419,Lorettalorna,Allum,lallumbm@squarespace.com,Female,202.250.207.209
420,Nolly,Byfford,nbyffordbn@soundcloud.com,Male,126.186.160.120
421,Ketty,Macon,kmaconbo@acquirethisname.com,Female,10.227.54.5
422,Rosalie,Penketh,rpenkethbp@umich.edu,Female,247.68.186.67
423,Faith,Shildrick,fshildrickbq@example.com,Female,244.31.101.33
424,Blair,Tolefree,btolefreebr@phpbb.com,Female,69.207.0.56
425,Milissent,Soppit,msoppitbs@weather.com,Female,75.83.163.106
426,Garrott,Abby,gabbybt@nature.com,Male,92.145.173.136
427,Vale,Nolleth,vnollethbu@psu.edu,Male,254.51.69.26
428,Koralle,Middup,kmiddupbv@comsenz.com,Female,101.172.186.82
429,Cherilyn,Reckhouse,creckhousebw@jimdo.com,Female,89.118.120.116
430,Justin,Farmery,jfarmerybx@slideshare.net,Male,193.238.173.249
431,Sean,Gulston,sgulstonby@posterous.com,Female,107.232.177.5
432,Gage,Breens,gbreensbz@arstechnica.com,Male,174.227.20.137
433,Rory,Winchcombe,rwinchcombec0@list-manage.com,Male,65.172.57.152
434,Janot,Lusted,jlustedc1@addthis.com,Female,240.36.140.252
435,Rozelle,Parratt,rparrattc2@engadget.com,Female,138.62.141.168
436,Lyda,Grass,lgrassc3@spiegel.de,Female,184.255.124.210
437,Alastair,Scruby,ascrubyc4@soundcloud.com,Male,239.59.151.79
438,Niki,Leif,nleifc5@blinklist.com,Male,67.60.247.37
439,Naomi,Walkington,nwalkingtonc6@discuz.net,Female,97.241.94.13
440,Klarika,Mc Carroll,kmccarrollc7@goodreads.com,Female,197.199.207.35
441,Caldwell,Craigg,ccraiggc8@buzzfeed.com,Male,147.201.197.228
442,Isidora,Aujean,iaujeanc9@samsung.com,Female,184.6.44.47
443,Abbey,Glasson,aglassonca@va.gov,Female,154.51.167.31
444,Maudie,Gniewosz,mgniewoszcb@cisco.com,Female,20.71.88.60
445,Far,Snowling,fsnowlingcc@google.it,Male,232.189.212.140
446,Sayer,Archley,sarchleycd@dion.ne.jp,Male,103.149.90.17
447,Katine,McDirmid,kmcdirmidce@webeden.co.uk,Female,148.110.5.47
448,Erin,Sikorsky,esikorskycf@smugmug.com,Female,16.88.99.101
449,Janenna,Spadari,jspadaricg@usa.gov,Female,146.15.116.101
450,Horten,Wimes,hwimesch@ycombinator.com,Male,6.229.30.100
451,Montague,Labusch,mlabuschci@auda.org.au,Male,112.207.225.109
452,Leon,Clampin,lclampincj@nbcnews.com,Male,115.57.6.128
453,Wilone,Sivyour,wsivyourck@hugedomains.com,Female,110.97.68.22
454,Dorian,Kimpton,dkimptoncl@discuz.net,Male,124.247.114.135
455,Dani,Gravell,dgravellcm@simplemachines.org,Male,205.36.59.117
456,Elset,Woolfitt,ewoolfittcn@sitemeter.com,Female,122.136.112.167
457,Leeland,Putnam,lputnamco@bizjournals.com,Male,61.248.42.140
458,Grete,Geane,ggeanecp@ning.com,Female,76.255.101.13
459,Waylon,Whimp,wwhimpcq@woothemes.com,Male,125.132.205.164
460,Hazel,Clench,hclenchcr@ovh.net,Female,38.117.222.55
461,Cecil,Gaskell,cgaskellcs@123-reg.co.uk,Male,52.218.126.0
462,Bondy,Oldnall,boldnallct@shop-pro.jp,Male,195.57.130.244
463,Sayers,Manger,smangercu@123-reg.co.uk,Male,99.139.186.91
464,Dante,Leitch,dleitchcv@tumblr.com,Male,142.251.87.69
465,Colette,Selliman,csellimancw@naver.com,Female,160.139.53.132
466,Gunther,Rawsen,grawsencx@vkontakte.ru,Male,50.211.224.229
467,Frazer,Sloey,fsloeycy@independent.co.uk,Male,115.105.194.191
468,Aarika,Arens,aarenscz@wiley.com,Female,68.111.137.144
469,Alonzo,Hartwright,ahartwrightd0@earthlink.net,Male,136.162.26.107
470,Nyssa,Gilogly,ngiloglyd1@hatena.ne.jp,Female,93.107.51.188
471,Eva,Ecclesall,eecclesalld2@free.fr,Female,2.245.94.188
472,Claudine,Lansberry,clansberryd3@storify.com,Female,180.229.209.161
473,Cozmo,Dohmann,cdohmannd4@theguardian.com,Male,177.61.233.101
474,Trenton,Moncur,tmoncurd5@privacy.gov.au,Male,115.34.78.55
475,Lonni,Crossthwaite,lcrossthwaited6@discovery.com,Female,103.45.161.171
476,Nevile,Blackley,nblackleyd7@ibm.com,Male,51.180.191.175
477,Gerek,Sunnucks,gsunnucksd8@statcounter.com,Male,230.197.204.245
478,Ranice,Spickett,rspickettd9@is.gd,Female,115.47.18.166
479,Sheff,Eldon,seldonda@woothemes.com,Male,185.150.84.13
480,Eadmund,Threlfall,ethrelfalldb@fda.gov,Male,1.193.53.102
481,Tina,Lefort,tlefortdc@paginegialle.it,Female,196.96.90.75
482,Pammie,Happer,phapperdd@delicious.com,Female,44.153.139.183
483,Caesar,Pedreschi,cpedreschide@stumbleupon.com,Male,83.53.172.170
484,Marnia,Coe,mcoedf@google.com.au,Female,254.128.133.16
485,Weidar,Sapey,wsapeydg@smh.com.au,Male,249.54.75.79
486,Monroe,Sciacovelli,msciacovellidh@tuttocitta.it,Male,108.254.215.202
487,Roarke,Joyce,rjoycedi@lulu.com,Male,237.238.193.226
488,Guthrey,Ralston,gralstondj@netscape.com,Male,95.244.170.202
489,Viv,Tipple,vtippledk@google.ru,Female,61.0.6.81
490,Con,Waterman,cwatermandl@yellowpages.com,Male,122.54.241.60
491,Roderic,Ensley,rensleydm@canalblog.com,Male,70.73.116.216
492,Beltran,Helgass,bhelgassdn@com.com,Male,55.4.197.230
493,Kristi,Liptrot,kliptrotdo@theatlantic.com,Female,253.200.190.231
494,Prudence,Pettegree,ppettegreedp@elegantthemes.com,Female,191.20.37.199
495,Ephraim,Gavey,egaveydq@comcast.net,Male,175.122.233.116
496,Lindie,Goodsir,lgoodsirdr@squidoo.com,Female,55.36.3.102
497,See,Rawling,srawlingds@redcross.org,Male,60.161.167.11
498,Danell,Ianson,diansondt@earthlink.net,Female,164.43.122.220
499,Augustin,Klausewitz,aklausewitzdu@ox.ac.uk,Male,7.43.170.159
500,Davida,Couronne,dcouronnedv@bbb.org,Female,65.223.159.239
501,Doll,Lobley,dlobleydw@php.net,Female,233.97.250.147
502,Malva,Creedland,mcreedlanddx@github.com,Female,38.242.140.129
503,Jessalin,Clempton,jclemptondy@hao123.com,Female,61.54.199.194
504,Aggi,Fearnley,afearnleydz@npr.org,Female,170.128.30.142
505,Montague,Pauleau,mpauleaue0@people.com.cn,Male,236.6.160.151
506,Alyse,Cossor,acossore1@yellowbook.com,Female,25.127.98.210
507,Johny,Renzini,jrenzinie2@sina.com.cn,Male,164.206.145.119
508,Grantham,Goodier,ggoodiere3@cloudflare.com,Male,173.107.217.80
509,Wynne,Thomann,wthomanne4@economist.com,Female,112.1.120.105
510,Skippy,Honig,shonige5@canalblog.com,Male,129.183.166.254
511,Stacey,Gilley,sgilleye6@jimdo.com,Female,196.80.67.103
512,Sheelah,Starrs,sstarrse7@theatlantic.com,Female,203.110.187.193
513,Mirabel,Son,msone8@fastcompany.com,Female,116.89.131.95
514,Shea,Neeves,sneevese9@adobe.com,Female,119.237.30.10
515,Rhetta,Haggata,rhaggataea@mac.com,Female,29.16.130.141
516,Roarke,Farron,rfarroneb@bbb.org,Male,240.119.46.18
517,Bernhard,Alty,baltyec@ted.com,Male,135.198.65.18
518,Carmencita,Lineen,clineened@sciencedaily.com,Female,34.199.118.187
519,Claudie,Van de Velde,cvandeveldeee@cyberchimps.com,Female,77.51.72.149
520,Emery,Laval,elavalef@yahoo.co.jp,Male,153.79.226.35
521,Percy,Langan,planganeg@hugedomains.com,Male,247.136.245.188
522,Kirk,Doggett,kdoggetteh@a8.net,Male,195.72.188.12
523,Ashlan,Rooke,arookeei@dyndns.org,Female,79.232.85.211
524,Merv,O' Hern,mohernej@disqus.com,Male,121.168.214.63
525,Sammie,Tanfield,stanfieldek@imageshack.us,Male,117.250.162.29
526,Jenn,Considine,jconsidineel@wikipedia.org,Female,128.7.206.51
527,Jaime,Mumby,jmumbyem@cloudflare.com,Female,212.165.169.199
528,Marshall,Kinvig,mkinvigen@indiatimes.com,Male,119.142.86.206
529,Appolonia,Segebrecht,asegebrechteo@stumbleupon.com,Female,193.163.129.255
530,Kristyn,Karpets,kkarpetsep@blogtalkradio.com,Female,22.133.87.56
531,Raff,Portingale,rportingaleeq@dagondesign.com,Male,43.236.113.166
532,Orrin,Edgcumbe,oedgcumbeer@trellian.com,Male,121.26.145.170
533,Alyssa,Consterdine,aconsterdinees@wikimedia.org,Female,51.30.2.253
534,Perry,Jolliman,pjollimanet@latimes.com,Male,53.77.55.156
535,Jorey,Wilmore,jwilmoreeu@google.co.uk,Female,185.88.149.166
536,Tait,Rees,treesev@google.nl,Male,202.250.110.203
537,Horatio,Luquet,hluquetew@blogs.com,Male,190.59.29.155
538,Roselia,Clewlowe,rclewloweex@sciencedirect.com,Female,164.227.249.242
539,Kacey,Moyle,kmoyleey@usgs.gov,Female,112.177.137.131
540,Normie,Pawley,npawleyez@bbc.co.uk,Male,21.37.147.30
541,Ravi,Woolaston,rwoolastonf0@yolasite.com,Male,104.155.222.163
542,Neddie,Sivyer,nsivyerf1@who.int,Male,80.141.104.212
543,Cari,Lechmere,clechmeref2@webnode.com,Female,224.244.234.184
544,Georgette,Halsho,ghalshof3@time.com,Female,223.136.44.33
545,Karie,Rime,krimef4@bluehost.com,Female,76.79.168.18
546,Gunter,Bouskill,gbouskillf5@trellian.com,Male,190.191.100.64
547,Petronilla,Gammell,pgammellf6@pagesperso-orange.fr,Female,27.249.142.17
548,Gerri,McCrohon,gmccrohonf7@tumblr.com,Male,150.111.194.191
549,Lester,Woodworth,lwoodworthf8@digg.com,Male,74.199.97.215
550,Cris,Dimond,cdimondf9@twitpic.com,Male,151.128.116.79
551,Carmina,Dominguez,cdominguezfa@tinyurl.com,Female,81.140.166.192
552,Sheela,Lamyman,slamymanfb@xing.com,Female,136.50.190.143
553,Morganica,Girhard,mgirhardfc@washingtonpost.com,Female,74.96.30.66
554,Maighdiln,Stirman,mstirmanfd@princeton.edu,Female,136.233.20.167
555,Ediva,Greenhouse,egreenhousefe@nyu.edu,Female,62.242.178.68
556,Albrecht,Moreland,amorelandff@woothemes.com,Male,214.90.222.25
557,Filippo,Keysall,fkeysallfg@wp.com,Male,123.84.128.232
558,Allan,O'Carran,aocarranfh@independent.co.uk,Male,39.97.157.101
559,Quillan,Dederick,qdederickfi@skyrock.com,Male,97.127.143.62
560,Mechelle,Reinhart,mreinhartfj@stumbleupon.com,Female,78.150.186.12
561,Lillian,Ramsdale,lramsdalefk@intel.com,Female,64.139.79.31
562,Ulrich,Pennone,upennonefl@sakura.ne.jp,Male,178.230.75.178
563,Andie,Dymock,adymockfm@google.cn,Male,150.10.141.237
564,Colleen,Raimbauld,craimbauldfn@123-reg.co.uk,Female,123.230.127.37
565,Traver,Blint,tblintfo@domainmarket.com,Male,4.255.254.148
566,Bourke,Baybutt,bbaybuttfp@weibo.com,Male,190.217.250.89
567,Fern,Emanson,femansonfq@bigcartel.com,Female,221.39.12.214
568,Jen,O'Neal,jonealfr@smugmug.com,Female,112.194.54.102
569,Rhys,Wesley,rwesleyfs@scribd.com,Male,107.251.112.93
570,Sharleen,Blankett,sblankettft@blogs.com,Female,108.96.75.9
571,Lebbie,Raunds,lraundsfu@pen.io,Female,112.112.136.42
572,Stoddard,Fowlie,sfowliefv@usatoday.com,Female,202.169.245.105
573,Pierce,Midghall,pmidghallfw@bluehost.com,Male,27.253.251.78
574,Genevra,Blockley,gblockleyfx@hao123.com,Female,113.59.220.143
575,Killy,McGilleghole,kmcgillegholefy@goodreads.com,Male,42.183.92.19
576,Aloysius,Ratie,aratiefz@godaddy.com,Male,100.54.81.94
577,Ansel,Dittson,adittsong0@upenn.edu,Male,155.105.240.192
578,Cory,MacKowle,cmackowleg1@timesonline.co.uk,Male,94.88.15.39
579,Anna-maria,Sokale,asokaleg2@fotki.com,Female,14.102.49.200
580,Shermie,Local,slocalg3@example.com,Male,73.126.19.16
581,Andriana,Scrase,ascraseg4@drupal.org,Female,251.79.227.213
582,La verne,Belleny,lbellenyg5@vimeo.com,Female,144.53.138.188
583,Amelia,Peasegod,apeasegodg6@opera.com,Female,146.226.63.1
584,Pamela,Garfield,pgarfieldg7@sitemeter.com,Female,139.197.157.252
585,Nessie,O'Shea,nosheag8@paypal.com,Female,212.75.140.35
586,Welsh,Volleth,wvollethg9@home.pl,Male,64.5.82.207
587,Avrit,Aspinal,aaspinalga@posterous.com,Female,140.53.202.78
588,Percival,Sunnucks,psunnucksgb@360.cn,Male,70.91.116.100
589,Randy,Vaneev,rvaneevgc@timesonline.co.uk,Male,19.184.189.94
590,Inessa,Gainfort,igainfortgd@icq.com,Female,159.129.186.231
591,Dewie,Frossell,dfrossellge@yahoo.com,Male,215.135.192.3
592,Lennie,Lamerton,llamertongf@cisco.com,Male,90.16.217.151
593,Keefe,Carr,kcarrgg@nature.com,Male,103.129.240.201
594,Abey,Kentish,akentishgh@weather.com,Male,162.227.65.154
595,Petronille,Cavet,pcavetgi@webeden.co.uk,Female,141.202.183.159
596,Robinet,Welton,rweltongj@google.it,Female,164.26.193.74
597,Anica,Karchowski,akarchowskigk@typepad.com,Female,89.50.23.72
598,Biddie,De Clairmont,bdeclairmontgl@weebly.com,Female,17.36.109.244
599,Kippy,Tilne,ktilnegm@artisteer.com,Male,217.248.17.225
600,Marchall,Melia,mmeliagn@prweb.com,Male,151.4.181.143
601,Carlyle,Hazelby,chazelbygo@blogs.com,Male,241.209.148.241
602,Barde,Grisard,bgrisardgp@devhub.com,Male,41.214.34.188
603,Raina,Braune,rbraunegq@ustream.tv,Female,196.210.165.72
604,Noe,Bartolommeo,nbartolommeogr@usda.gov,Male,226.131.181.149
605,Malcolm,Parkhouse,mparkhousegs@webmd.com,Male,69.153.80.156
606,Jaclin,Bentinck,jbentinckgt@vistaprint.com,Female,103.228.18.251
607,Rici,Currall,rcurrallgu@mapy.cz,Female,208.129.19.117
608,Kendricks,Scamel,kscamelgv@oaic.gov.au,Male,3.76.69.164
609,Gustav,Doohey,gdooheygw@ycombinator.com,Male,123.150.183.31
610,Margaux,Cranage,mcranagegx@wufoo.com,Female,42.134.223.26
611,Conni,MacMenamy,cmacmenamygy@pinterest.com,Female,15.185.161.2
612,Mufinella,Lickess,mlickessgz@marriott.com,Female,54.40.225.58
613,Nerti,Peach,npeachh0@google.ca,Female,73.48.163.173
614,Jens,Stempe,jstempeh1@ustream.tv,Male,132.134.111.109
615,Garvin,Scardifeild,gscardifeildh2@blogspot.com,Male,64.5.246.190
616,Marc,Demead,mdemeadh3@csmonitor.com,Male,13.216.124.119
617,Sancho,Bagnell,sbagnellh4@narod.ru,Male,222.127.232.72
618,Christie,Mann,cmannh5@gov.uk,Male,89.249.180.218
619,Ilyse,Lattie,ilattieh6@cargocollective.com,Female,102.9.165.195
620,Ker,Kidsley,kkidsleyh7@wix.com,Male,84.125.191.134
621,Faustine,Robelet,frobeleth8@theguardian.com,Female,203.4.76.65
622,Janina,Pedrol,jpedrolh9@barnesandnoble.com,Female,27.251.20.21
623,Brigham,Francioli,bfrancioliha@army.mil,Male,97.182.7.10
624,Aaron,Pennycuick,apennycuickhb@hexun.com,Male,227.13.125.54
625,Ab,Brain,abrainhc@google.co.uk,Male,60.129.196.127
626,Ernie,Gozard,egozardhd@craigslist.org,Male,54.42.214.57
627,Jammal,Farrall,jfarrallhe@ycombinator.com,Male,224.1.224.101
628,Craggie,FitzAlan,cfitzalanhf@wisc.edu,Male,78.62.49.59
629,Cam,Greenhall,cgreenhallhg@angelfire.com,Male,177.231.168.228
630,Jillian,Nicholls,jnichollshh@multiply.com,Female,142.234.185.53
631,Arlyn,MacMaykin,amacmaykinhi@i2i.jp,Female,42.171.232.77
632,Malena,Beavon,mbeavonhj@cnn.com,Female,23.147.178.160
633,Ferris,Baptie,fbaptiehk@mediafire.com,Male,86.217.21.11
634,Barn,Shatliffe,bshatliffehl@cafepress.com,Male,22.71.24.17
635,Don,Willmett,dwillmetthm@theguardian.com,Male,89.63.60.111
636,Benedicto,Venmore,bvenmorehn@storify.com,Male,9.215.199.95
637,Gerry,Heintz,gheintzho@uol.com.br,Female,38.84.41.171
638,Kaja,Bridges,kbridgeshp@sogou.com,Female,156.107.92.181
639,Vivyanne,Josephson,vjosephsonhq@webeden.co.uk,Female,190.27.42.69
640,Costa,Hailes,chaileshr@lycos.com,Male,133.236.155.239
641,Lucretia,Tomowicz,ltomowiczhs@forbes.com,Female,231.105.9.239
642,Katharyn,Danilov,kdanilovht@sogou.com,Female,111.195.13.2
643,Edwin,Favela,efavelahu@amazon.com,Male,17.204.27.10
644,Arnaldo,McGannon,amcgannonhv@discuz.net,Male,196.225.245.71
645,Jennica,Pitson,jpitsonhw@wikia.com,Female,61.89.242.8
646,Arnuad,Whitney,awhitneyhx@un.org,Male,100.237.174.160
647,Elna,Gookes,egookeshy@tumblr.com,Female,181.129.224.81
648,Leela,Challiss,lchallisshz@businessweek.com,Female,186.210.181.21
649,Cad,Berndsen,cberndseni0@themeforest.net,Male,121.231.197.37
650,Anneliese,Bentz,abentzi1@flavors.me,Female,197.191.216.96
651,Orazio,Aindrais,oaindraisi2@symantec.com,Male,115.170.181.93
652,Cathee,Kruszelnicki,ckruszelnickii3@webmd.com,Female,215.174.197.156
653,Curtice,Cadwell,ccadwelli4@linkedin.com,Male,205.41.211.22
654,Mathias,Oosthout de Vree,moosthoutdevreei5@miibeian.gov.cn,Male,176.172.253.212
655,Mufi,Grimble,mgrimblei6@theatlantic.com,Female,215.84.134.24
656,Meyer,Jamison,mjamisoni7@gov.uk,Male,128.77.142.76
657,Vinny,Argile,vargilei8@bloglovin.com,Female,175.149.161.142
658,Allen,Guidelli,aguidellii9@com.com,Male,242.91.203.97
659,Ruthi,Cowtherd,rcowtherdia@google.com.au,Female,184.247.11.176
660,Alexina,Haylor,ahaylorib@g.co,Female,51.42.74.216
661,Hermon,O'Dreain,hodreainic@ca.gov,Male,96.43.26.77
662,Avigdor,Clinnick,aclinnickid@reuters.com,Male,102.157.88.160
663,Kennie,Gutman,kgutmanie@cnn.com,Male,122.191.177.149
664,Farly,Strangeways,fstrangewaysif@npr.org,Male,206.74.204.205
665,Ab,Mashal,amashalig@t.co,Male,14.134.125.135
666,Sephira,Pontefract,spontefractih@microsoft.com,Female,124.197.161.239
667,Lisha,Kemm,lkemmii@angelfire.com,Female,231.38.32.9
668,Farra,Haggart,fhaggartij@cam.ac.uk,Female,21.204.54.194
669,Issy,Timmins,itimminsik@usatoday.com,Female,210.195.88.180
670,Lenci,Akhurst,lakhurstil@behance.net,Male,202.240.2.14
671,Donnamarie,Jales,djalesim@sciencedaily.com,Female,19.148.16.9
672,Sigmund,Chazette,schazettein@themeforest.net,Male,153.197.83.17
673,Rasia,Sutherby,rsutherbyio@reuters.com,Female,33.146.238.217
674,Parnell,Braybrookes,pbraybrookesip@ifeng.com,Male,70.225.156.47
675,Mychal,Iddison,middisoniq@homestead.com,Male,100.154.132.19
676,Jemie,Belshaw,jbelshawir@google.pl,Female,5.49.78.133
677,Gay,Pettecrew,gpettecrewis@pagesperso-orange.fr,Female,114.195.206.201
678,Lynnea,Quinnell,lquinnellit@marketwatch.com,Female,81.204.162.96
679,Abba,Stelfox,astelfoxiu@elpais.com,Male,251.227.124.68
680,Jo-anne,Rudram,jrudramiv@latimes.com,Female,127.191.154.151
681,Amil,Buxton,abuxtoniw@xing.com,Female,59.91.239.239
682,Abrahan,Tomasian,atomasianix@princeton.edu,Male,119.60.251.206
683,Sullivan,McGuigan,smcguiganiy@state.gov,Male,61.71.192.243
684,Robinetta,Pordal,rpordaliz@qq.com,Female,223.190.14.74
685,Orelie,Fernanando,ofernanandoj0@liveinternet.ru,Female,0.85.221.153
686,Cassey,Pidgen,cpidgenj1@amazon.com,Female,188.146.66.27
687,Monika,Siddall,msiddallj2@angelfire.com,Female,230.28.239.22
688,Berni,Berr,bberrj3@irs.gov,Female,159.46.205.199
689,Luise,Bygrove,lbygrovej4@marketwatch.com,Female,114.62.100.114
690,Aubree,Cuppleditch,acuppleditchj5@vinaora.com,Female,251.26.159.155
691,Janet,Bergeau,jbergeauj6@indiatimes.com,Female,231.163.192.247
692,Saxon,Brownbill,sbrownbillj7@marketwatch.com,Male,78.95.233.118
693,Brendin,Wraith,bwraithj8@bloglines.com,Male,101.217.198.77
694,Katherine,McMenamie,kmcmenamiej9@plala.or.jp,Female,96.202.55.180
695,Zeke,Simonich,zsimonichja@epa.gov,Male,45.240.26.120
696,Danni,Osband,dosbandjb@ed.gov,Female,13.11.232.229
697,Blythe,Accum,baccumjc@imgur.com,Female,249.97.241.157
698,Cece,Heaney`,cheaneyjd@theatlantic.com,Male,3.214.191.215
699,Haley,Billion,hbillionje@jalbum.net,Male,241.169.213.120
700,Nina,Yankeev,nyankeevjf@sun.com,Female,161.88.166.66
701,Morgana,Grigoryov,mgrigoryovjg@rakuten.co.jp,Female,55.249.137.94
702,Haily,Nassey,hnasseyjh@forbes.com,Female,139.119.54.178
703,Quinta,Scown,qscownji@yellowpages.com,Female,74.106.196.203
704,Lucais,Lidgard,llidgardjj@last.fm,Male,134.158.42.1
705,Maren,Florence,mflorencejk@google.ca,Female,161.4.92.194
706,Carry,Hanbury,chanburyjl@topsy.com,Female,23.33.150.226
707,Rolf,Vedikhov,rvedikhovjm@biglobe.ne.jp,Male,74.8.184.44
708,Martica,Churching,mchurchingjn@imgur.com,Female,14.178.247.170
709,Millard,Lingley,mlingleyjo@wisc.edu,Male,72.248.60.180
710,Leroy,Crannage,lcrannagejp@surveymonkey.com,Male,13.240.113.165
711,Lyman,Anthonsen,lanthonsenjq@domainmarket.com,Male,53.203.229.254
712,Florentia,O'Towey,fotoweyjr@hud.gov,Female,22.160.87.0
713,Glori,MacAllaster,gmacallasterjs@com.com,Female,16.254.54.167
714,Waring,Ticksall,wticksalljt@tinyurl.com,Male,124.117.89.114
715,Sella,Hamberstone,shamberstoneju@go.com,Female,3.94.132.120
716,Roscoe,Suart,rsuartjv@naver.com,Male,128.219.211.36
717,Kristofer,Rowbottam,krowbottamjw@free.fr,Male,217.184.230.95
718,Gretal,Dimmack,gdimmackjx@nasa.gov,Female,154.140.80.232
719,Margi,Colquite,mcolquitejy@springer.com,Female,147.13.226.174
720,Marleah,Shortcliffe,mshortcliffejz@ovh.net,Female,29.49.82.147
721,Bonita,Chichgar,bchichgark0@xinhuanet.com,Female,144.197.12.227
722,Joeann,Chezier,jchezierk1@vinaora.com,Female,245.165.51.153
723,Goraud,Lark,glarkk2@tinypic.com,Male,248.100.57.43
724,Marlyn,Maciejewski,mmaciejewskik3@nasa.gov,Female,36.144.99.116
725,Roselia,Kerridge,rkerridgek4@github.com,Female,2.14.94.136
726,Ranee,Millan,rmillank5@addthis.com,Female,227.139.112.201
727,Kendricks,Grimestone,kgrimestonek6@samsung.com,Male,151.238.93.120
728,Gregor,Frensche,gfrenschek7@ezinearticles.com,Male,251.233.14.87
729,Denver,Ricks,dricksk8@de.vu,Male,165.38.3.78
730,Alaric,Grunbaum,agrunbaumk9@i2i.jp,Male,53.0.147.163
731,Veronique,Riddles,vriddleska@odnoklassniki.ru,Female,153.189.216.234
732,Purcell,Pleass,ppleasskb@uiuc.edu,Male,13.36.211.122
733,Phedra,Mariel,pmarielkc@about.me,Female,48.124.195.232
734,Druci,Beere,dbeerekd@list-manage.com,Female,93.97.148.198
735,Perle,Rebichon,prebichonke@yahoo.co.jp,Female,137.215.163.30
736,Emlen,Pyson,epysonkf@google.com,Male,112.67.144.218
737,Immanuel,Dumbarton,idumbartonkg@goo.ne.jp,Male,133.81.224.244
738,Abe,Alldred,aalldredkh@europa.eu,Male,121.38.99.4
739,Angel,Dalgarnocht,adalgarnochtki@free.fr,Female,26.7.159.35
740,Korry,Hissett,khissettkj@tinypic.com,Female,134.231.45.160
741,Rock,Yardley,ryardleykk@yandex.ru,Male,81.87.224.185
742,Carleen,Rewan,crewankl@telegraph.co.uk,Female,20.142.4.92
743,Auberta,Dimmack,adimmackkm@domainmarket.com,Female,5.208.71.121
744,Tybie,Scrinage,tscrinagekn@bbb.org,Female,134.199.154.157
745,Felicio,Mobius,fmobiusko@cdbaby.com,Male,79.184.236.88
746,Kathleen,List,klistkp@dailymotion.com,Female,222.118.175.73
747,Sylas,Reese,sreesekq@nymag.com,Male,217.218.23.113
748,Carlen,Biaggi,cbiaggikr@dell.com,Female,95.232.103.143
749,Conway,Doxsey,cdoxseyks@si.edu,Male,164.214.63.244
750,Dulcie,Gilardone,dgilardonekt@reuters.com,Female,218.105.16.244
751,Felike,Buie,fbuieku@drupal.org,Male,143.130.6.50
752,Zorah,Dinan,zdinankv@buzzfeed.com,Female,188.113.206.113
753,Tedda,O'Dempsey,todempseykw@nytimes.com,Female,64.152.185.199
754,Elwood,Merrigans,emerriganskx@time.com,Male,139.36.224.133
755,Micky,Drysdell,mdrysdellky@about.com,Female,11.40.127.2
756,Dix,Theobold,dtheoboldkz@earthlink.net,Female,202.34.232.255
757,Luciano,Penke,lpenkel0@studiopress.com,Male,87.179.36.59
758,Annabela,Probey,aprobeyl1@scribd.com,Female,218.107.50.204
759,Rebekkah,Gerrie,rgerriel2@flickr.com,Female,47.13.254.182
760,Doy,Pickering,dpickeringl3@amazon.de,Male,94.222.4.36
761,Gunar,Blowick,gblowickl4@sitemeter.com,Male,197.99.241.246
762,Garnette,Lanyon,glanyonl5@freewebs.com,Female,205.61.141.145
763,Judie,Twentyman,jtwentymanl6@noaa.gov,Female,169.108.190.17
764,Jenny,Farnin,jfarninl7@e-recht24.de,Female,1.68.175.126
765,Quinton,Axcel,qaxcell8@hexun.com,Male,170.250.46.20
766,Benedicto,Moseby,bmosebyl9@opera.com,Male,187.247.225.83
767,Jaynell,Simmell,jsimmellla@tinypic.com,Female,132.20.54.241
768,Fanya,Ricioppo,fricioppolb@taobao.com,Female,53.137.162.0
769,Fee,Hewlings,fhewlingslc@flavors.me,Male,164.53.154.52
770,Oneida,Ealden,oealdenld@prweb.com,Female,39.57.139.101
771,Ellwood,Pedreschi,epedreschile@msn.com,Male,13.43.230.134
772,Caroljean,Duckett,cduckettlf@alexa.com,Female,105.85.80.153
773,Valaria,Phelan,vphelanlg@ifeng.com,Female,212.3.115.63
774,Editha,Kellog,ekelloglh@tuttocitta.it,Female,134.20.121.233
775,Fonz,Shoebrook,fshoebrookli@blogs.com,Male,111.15.3.229
776,Massimiliano,Chrystie,mchrystielj@usda.gov,Male,105.114.25.36
777,Lolly,Leal,lleallk@bloomberg.com,Female,105.198.209.32
778,Napoleon,Sydes,nsydesll@arstechnica.com,Male,216.78.115.148
779,Ken,Haffard,khaffardlm@hibu.com,Male,47.211.62.211
780,Sileas,McGuff,smcguffln@fema.gov,Female,40.16.21.62
781,Juan,Payfoot,jpayfootlo@sohu.com,Male,149.129.38.176
782,Suki,Carlaw,scarlawlp@comsenz.com,Female,220.89.203.121
783,Eolande,Cassells,ecassellslq@sitemeter.com,Female,5.213.213.155
784,Kelcey,Borrow,kborrowlr@nydailynews.com,Female,27.184.29.247
785,Dominique,D'Elias,ddeliasls@uiuc.edu,Female,141.137.144.86
786,Zacharie,Rearie,zrearielt@uol.com.br,Male,72.206.213.45
787,Dru,Brinsford,dbrinsfordlu@umich.edu,Male,206.67.137.169
788,Alexandre,Rappaport,arappaportlv@histats.com,Male,198.20.75.152
789,Felike,Swatman,fswatmanlw@fda.gov,Male,17.134.204.210
790,Enrique,Torri,etorrilx@nhs.uk,Male,255.170.229.100
791,Nissy,Grimmer,ngrimmerly@spotify.com,Female,133.7.229.158
792,Garrek,Strut,gstrutlz@businessweek.com,Male,129.203.40.150
793,Galina,Piquard,gpiquardm0@pcworld.com,Female,38.88.110.242
794,Kathy,Kybbye,kkybbyem1@twitpic.com,Female,166.201.90.117
795,Rudie,Bowley,rbowleym2@indiegogo.com,Male,231.15.61.240
796,Carrie,Colcutt,ccolcuttm3@cisco.com,Female,204.170.82.150
797,Jody,Latour,jlatourm4@clickbank.net,Male,141.219.222.198
798,Booth,Bonnyson,bbonnysonm5@auda.org.au,Male,57.109.155.23
799,Lezlie,Holby,lholbym6@biglobe.ne.jp,Female,49.28.253.209
800,Colette,Dugmore,cdugmorem7@canalblog.com,Female,202.141.133.38
801,Marje,Wakerley,mwakerleym8@jigsy.com,Female,162.14.178.140
802,Maible,Simanenko,msimanenkom9@hp.com,Female,79.242.221.36
803,Meade,Jeenes,mjeenesma@epa.gov,Male,90.110.18.212
804,Beatrice,Wyles,bwylesmb@prlog.org,Female,82.62.59.190
805,Sybilla,Gislebert,sgislebertmc@w3.org,Female,98.145.105.126
806,Myron,Highwood,mhighwoodmd@va.gov,Male,195.133.24.210
807,Sarene,Wilshaw,swilshawme@harvard.edu,Female,213.87.21.215
808,Gena,O'Dennehy,godennehymf@timesonline.co.uk,Female,120.145.224.104
809,Molly,Cymper,mcympermg@hostgator.com,Female,250.20.115.30
810,Vito,Brassill,vbrassillmh@mashable.com,Male,158.31.121.37
811,Kristoforo,Renner,krennermi@wikimedia.org,Male,216.28.20.216
812,Yuri,Morris,ymorrismj@cargocollective.com,Male,209.159.0.12
813,Hersh,Conville,hconvillemk@wunderground.com,Male,24.131.167.247
814,Jeffy,La Rosa,jlarosaml@netvibes.com,Male,99.137.121.54
815,Travus,Brattell,tbrattellmm@dell.com,Male,2.156.145.135
816,Mac,Axtell,maxtellmn@sohu.com,Male,216.202.249.23
817,Jozef,Mival,jmivalmo@tripadvisor.com,Male,198.252.117.134
818,Romeo,Wensley,rwensleymp@indiegogo.com,Male,27.177.206.4
819,Abram,Soloway,asolowaymq@unblog.fr,Male,23.139.209.39
820,Goldie,Josskowitz,gjosskowitzmr@slashdot.org,Female,22.204.117.129
821,Anabal,Ding,adingms@aol.com,Female,16.44.70.43
822,Wally,Smart,wsmartmt@un.org,Female,236.61.174.22
823,Brianne,Dominichelli,bdominichellimu@google.de,Female,188.139.96.63
824,Christabel,Turbern,cturbernmv@blinklist.com,Female,173.170.59.39
825,Agnesse,Brixey,abrixeymw@adobe.com,Female,146.21.0.197
826,Arney,Teodoro,ateodoromx@chicagotribune.com,Male,222.14.123.205
827,Shawnee,Dulson,sdulsonmy@zimbio.com,Female,191.212.35.148
828,Garrick,Guite,gguitemz@wsj.com,Male,39.7.34.100
829,Guthry,Swadling,gswadlingn0@bravesites.com,Male,27.115.132.0
830,Basilio,Lesper,blespern1@nationalgeographic.com,Male,87.22.125.73
831,Nikos,Imms,nimmsn2@answers.com,Male,192.214.149.139
832,Ailbert,Wythe,awythen3@latimes.com,Male,216.3.46.105
833,Louisette,Sloss,lslossn4@booking.com,Female,105.145.29.86
834,Kylen,Hradsky,khradskyn5@delicious.com,Female,30.38.10.93
835,Verina,Maltster,vmaltstern6@ftc.gov,Female,40.36.74.210
836,Perceval,Bulluck,pbulluckn7@aol.com,Male,190.97.252.27
837,Meryl,Betteney,mbetteneyn8@wikipedia.org,Male,30.203.246.146
838,Cthrine,Jobling,cjoblingn9@eepurl.com,Female,60.225.175.11
839,Buck,Jorger,bjorgerna@infoseek.co.jp,Male,177.16.92.216
840,Claudie,Pirozzi,cpirozzinb@typepad.com,Female,103.15.177.210
841,Bernhard,Eckery,beckerync@google.com.hk,Male,5.188.224.85
842,Boyce,Kobierzycki,bkobierzyckind@google.ru,Male,229.9.116.199
843,Miof mela,Trymme,mtrymmene@apache.org,Female,123.37.131.26
844,Rosana,Crews,rcrewsnf@jugem.jp,Female,115.53.215.76
845,Daven,Bollen,dbollenng@nih.gov,Male,227.12.44.224
846,Ruth,Pietrzyk,rpietrzyknh@blogtalkradio.com,Female,113.47.90.214
847,Kacie,Bulch,kbulchni@meetup.com,Female,177.19.184.202
848,Buddy,Jahncke,bjahnckenj@i2i.jp,Male,189.152.234.138
849,Tades,Tine,ttinenk@joomla.org,Male,239.212.225.200
850,Matthus,Rosone,mrosonenl@cloudflare.com,Male,236.188.74.10
851,Binny,Phython,bphythonnm@youku.com,Female,252.95.9.228
852,Dore,Rosson,drossonnn@unesco.org,Female,42.132.189.27
853,Harbert,Starbuck,hstarbuckno@mlb.com,Male,227.200.199.101
854,Ashely,Yoskowitz,ayoskowitznp@t.co,Female,64.11.120.69
855,Allistir,Milner,amilnernq@simplemachines.org,Male,92.85.145.244
856,Dallis,Currm,dcurrmnr@shop-pro.jp,Male,87.27.146.240
857,Tatiana,Roll,trollns@bigcartel.com,Female,107.192.0.188
858,Moshe,Takle,mtaklent@rediff.com,Male,249.42.238.125
859,Ashla,Ogilvie,aogilvienu@opensource.org,Female,23.66.249.226
860,Konstantine,Barr,kbarrnv@flavors.me,Male,102.97.64.81
861,Drusi,Braime,dbraimenw@chronoengine.com,Female,18.76.150.194
862,Perle,Buttel,pbuttelnx@shop-pro.jp,Female,239.20.179.100
863,Millard,Michie,mmichieny@digg.com,Male,170.102.85.217
864,Odey,Aylin,oaylinnz@tinyurl.com,Male,218.132.147.92
865,Sarajane,Roglieri,sroglierio0@mozilla.com,Female,150.41.37.35
866,Rhiamon,Orbon,rorbono1@1und1.de,Female,145.163.67.7
867,Pattie,Cummins,pcumminso2@berkeley.edu,Male,144.136.208.22
868,Marley,Petticrow,mpetticrowo3@howstuffworks.com,Female,250.92.74.166
869,Thatcher,Hafner,thafnero4@a8.net,Male,129.208.170.156
870,Nikolaus,Sayre,nsayreo5@jalbum.net,Male,231.235.53.251
871,Bettine,Frill,bfrillo6@livejournal.com,Female,251.130.233.240
872,Mario,Harrhy,mharrhyo7@flavors.me,Male,41.153.96.194
873,Sayre,Kearney,skearneyo8@t-online.de,Male,56.220.52.159
874,Der,Tiplady,dtipladyo9@hc360.com,Male,184.100.195.84
875,Edgar,Perrigo,eperrigooa@illinois.edu,Male,241.2.223.249
876,Rabi,Dulieu,rdulieuob@noaa.gov,Male,170.219.148.125
877,Ros,Hearnshaw,rhearnshawoc@independent.co.uk,Female,189.115.189.160
878,Richmound,Scintsbury,rscintsburyod@usa.gov,Male,35.40.159.165
879,Aguste,Lander,alanderoe@comsenz.com,Male,231.101.18.8
880,Giulietta,Tyrrell,gtyrrellof@stumbleupon.com,Female,203.2.125.231
881,Cass,Drage,cdrageog@e-recht24.de,Male,202.237.196.86
882,Dasie,Birtchnell,dbirtchnelloh@bloglovin.com,Female,190.93.183.110
883,Drona,Nias,dniasoi@home.pl,Female,124.202.221.71
884,Misha,Akenhead,makenheadoj@indiegogo.com,Female,28.138.67.16
885,Clemmy,Jeafferson,cjeaffersonok@quantcast.com,Male,106.24.214.154
886,Mandi,Attreed,mattreedol@chicagotribune.com,Female,95.21.115.150
887,Ailey,Van Ross,avanrossom@mozilla.com,Female,3.78.181.108
888,Sharlene,Teligin,steliginon@fema.gov,Female,53.50.91.217
889,Arnaldo,Bradd,abraddoo@baidu.com,Male,249.54.61.111
890,Frankie,Dagg,fdaggop@ucla.edu,Male,145.41.193.114
891,Bjorn,Hurford,bhurfordoq@soundcloud.com,Male,231.113.141.47
892,Paule,Pitcaithly,ppitcaithlyor@yahoo.com,Female,75.140.3.126
893,Garwood,Gascone,ggasconeos@hexun.com,Male,19.179.41.106
894,Patric,Treasure,ptreasureot@phpbb.com,Male,129.229.244.146
895,Anstice,People,apeopleou@china.com.cn,Female,52.208.130.80
896,Thomas,Wixon,twixonov@nbcnews.com,Male,182.16.184.226
897,Eustacia,Huygen,ehuygenow@unc.edu,Female,46.235.92.7
898,Conny,Cutress,ccutressox@house.gov,Female,53.175.162.113
899,Nadeen,Willford,nwillfordoy@vkontakte.ru,Female,254.13.21.208
900,Catherin,Jozefowicz,cjozefowiczoz@godaddy.com,Female,56.90.73.151
901,Artair,Maiklem,amaiklemp0@delicious.com,Male,149.160.20.154
902,Finn,Hummerston,fhummerstonp1@jigsy.com,Male,150.144.189.250
903,Burgess,Fairtlough,bfairtloughp2@pen.io,Male,193.180.175.126
904,Dyna,Warnock,dwarnockp3@wikia.com,Female,199.212.158.241
905,Adey,Gulk,agulkp4@squarespace.com,Female,101.19.195.100
906,Nikolas,McGilvra,nmcgilvrap5@soup.io,Male,166.233.52.195
907,Harmony,Bemlott,hbemlottp6@unc.edu,Female,7.134.66.177
908,Penny,Daffey,pdaffeyp7@smh.com.au,Male,174.141.68.210
909,Mack,Byllam,mbyllamp8@networkadvertising.org,Male,163.248.70.118
910,Sarina,De Courtney,sdecourtneyp9@linkedin.com,Female,136.232.32.59
911,Colas,Craigie,ccraigiepa@geocities.com,Male,242.211.211.131
912,Monti,Fulton,mfultonpb@slideshare.net,Male,34.205.53.5
913,Griswold,Connerry,gconnerrypc@infoseek.co.jp,Male,212.61.122.221
914,Vivienne,Dicty,vdictypd@linkedin.com,Female,251.85.127.165
915,Fredric,Zorzin,fzorzinpe@sogou.com,Male,233.163.112.63
916,Zachary,Kunath,zkunathpf@so-net.ne.jp,Male,208.56.136.241
917,Humphrey,Browne,hbrownepg@va.gov,Male,185.238.160.194
918,Vlad,Mendonca,vmendoncaph@arizona.edu,Male,230.236.52.93
919,Natal,Cran,ncranpi@state.tx.us,Male,188.136.43.28
920,Noam,Lipman,nlipmanpj@eepurl.com,Male,10.13.220.255
921,Virgina,Bamell,vbamellpk@hexun.com,Female,183.86.224.59
922,Vera,Markie,vmarkiepl@wp.com,Female,117.227.166.199
923,Freeman,Dearman,fdearmanpm@washington.edu,Male,151.91.21.158
924,Kaylil,Iacomo,kiacomopn@nasa.gov,Female,52.76.98.107
925,Kipp,Leatherborrow,kleatherborrowpo@jugem.jp,Male,224.244.177.181
926,Marie-ann,Paddy,mpaddypp@gizmodo.com,Female,32.168.235.234
927,Oliver,Brack,obrackpq@myspace.com,Male,108.76.164.219
928,Gabrielle,Penniall,gpenniallpr@sitemeter.com,Female,14.42.220.238
929,David,Quarless,dquarlessps@hexun.com,Male,197.11.65.167
930,Shela,McIleen,smcileenpt@histats.com,Female,140.20.110.60
931,Brandie,Cowtherd,bcowtherdpu@smh.com.au,Female,126.30.248.26
932,Alvina,FitzGeorge,afitzgeorgepv@weebly.com,Female,166.212.86.212
933,Van,Joost,vjoostpw@parallels.com,Male,204.82.19.120
934,Geordie,Semiraz,gsemirazpx@plala.or.jp,Male,0.149.227.25
935,Garrard,Gullane,ggullanepy@wsj.com,Male,97.81.54.55
936,Bibbie,Roony,broonypz@mlb.com,Female,56.218.3.114
937,Joscelin,McNeill,jmcneillq0@51.la,Female,146.94.250.240
938,Thomasina,Ivakhin,tivakhinq1@irs.gov,Female,14.203.93.50
939,Skye,Wolfendale,swolfendaleq2@moonfruit.com,Male,40.90.68.145
940,Pepillo,Pavia,ppaviaq3@a8.net,Male,170.120.91.121
941,Fawn,Bartak,fbartakq4@mit.edu,Female,162.161.231.180
942,Shaina,Bendel,sbendelq5@spotify.com,Female,25.197.125.150
943,Debbi,Karel,dkarelq6@bandcamp.com,Female,150.173.205.136
944,Lonny,Slatten,lslattenq7@time.com,Male,170.0.30.211
945,Devora,Baty,dbatyq8@netlog.com,Female,231.104.247.111
946,Glori,Ainsby,gainsbyq9@acquirethisname.com,Female,64.221.174.44
947,Ebeneser,Holdin,eholdinqa@jimdo.com,Male,249.117.119.76
948,Tomasina,Greenleaf,tgreenleafqb@parallels.com,Female,120.42.145.106
949,Shepard,Bruna,sbrunaqc@springer.com,Male,94.224.9.91
950,Bentlee,Glewe,bgleweqd@feedburner.com,Male,6.3.190.167
951,Erasmus,Sams,esamsqe@hp.com,Male,22.3.80.128
952,Clark,Gheorghescu,cgheorghescuqf@cbsnews.com,Male,234.108.41.199
953,Krisha,Bartels,kbartelsqg@nytimes.com,Male,124.204.158.218
954,Bendix,Titmus,btitmusqh@behance.net,Male,40.124.147.76
955,Gregoire,De Ambrosis,gdeambrosisqi@is.gd,Male,188.120.118.100
956,Starlin,Griffith,sgriffithqj@hao123.com,Female,142.188.25.49
957,Ruddie,Haggis,rhaggisqk@nbcnews.com,Male,92.113.92.123
958,Gregoire,Crowthe,gcrowtheql@illinois.edu,Male,166.252.184.29
959,Nichols,Scurrell,nscurrellqm@ftc.gov,Male,119.102.223.26
960,Ev,O' Hern,eohernqn@utexas.edu,Male,133.51.111.112
961,Elise,Choat,echoatqo@wp.com,Female,3.123.49.53
962,Findlay,Hawick,fhawickqp@freewebs.com,Male,204.61.0.7
963,Guthry,Christin,gchristinqq@yahoo.co.jp,Male,72.133.22.216
964,Serene,Novotne,snovotneqr@usatoday.com,Female,24.214.68.139
965,Louie,Kinloch,lkinlochqs@people.com.cn,Male,222.68.81.100
966,Salomi,Seabridge,sseabridgeqt@t-online.de,Female,31.31.68.11
967,Alison,Pelos,apelosqu@rambler.ru,Female,181.243.165.9
968,Dayle,Fradgley,dfradgleyqv@shareasale.com,Female,36.146.13.135
969,Lenna,Dell Casa,ldellcasaqw@yelp.com,Female,94.18.45.241
970,Northrop,Thorneywork,nthorneyworkqx@answers.com,Male,73.25.128.74
971,Staci,Sepey,ssepeyqy@cnet.com,Female,76.15.150.193
972,Salaidh,Delcastel,sdelcastelqz@amazonaws.com,Female,112.60.165.221
973,Maribel,Hutten,mhuttenr0@earthlink.net,Female,74.224.24.43
974,Foster,Oliff,foliffr1@wufoo.com,Male,150.248.100.125
975,Alain,Tiffany,atiffanyr2@examiner.com,Male,248.189.182.77
976,Franky,Koubu,fkoubur3@wikipedia.org,Female,129.209.79.66
977,Jud,Faust,jfaustr4@google.cn,Male,9.161.62.34
978,Brod,Deme,bdemer5@flickr.com,Male,35.21.54.168
979,Ignacius,Spincke,ispincker6@dailymotion.com,Male,62.68.115.135
980,Annamarie,Rene,arener7@earthlink.net,Female,163.80.255.73
981,Cordie,Sheeran,csheeranr8@xing.com,Female,248.162.190.177
982,Genevra,Davidowsky,gdavidowskyr9@japanpost.jp,Female,205.29.74.220
983,Gustie,Cubbon,gcubbonra@pinterest.com,Female,168.16.222.168
984,Symon,Woodland,swoodlandrb@topsy.com,Male,250.155.190.166
985,Stephi,Millhouse,smillhouserc@goo.ne.jp,Female,205.90.185.183
986,Frank,Lapere,flapererd@house.gov,Male,13.54.255.35
987,Drusy,Oller,dollerre@clickbank.net,Female,129.247.158.157
988,Chrissy,O'Suaird,cosuairdrf@amazonaws.com,Male,179.93.124.232
989,Casi,Topliss,ctoplissrg@e-recht24.de,Female,123.205.70.176
990,Sidonia,Hurst,shurstrh@wikimedia.org,Female,24.152.181.64
991,Ilsa,Downage,idownageri@nih.gov,Female,154.54.104.68
992,Braden,Bellwood,bbellwoodrj@taobao.com,Male,242.241.41.54
993,Garrick,Meran,gmeranrk@ehow.com,Male,72.43.222.160
994,Stephani,Cartmer,scartmerrl@redcross.org,Female,135.72.83.178
995,Nellie,Rymmer,nrymmerrm@artisteer.com,Female,226.160.131.117
996,Cassy,Van Halle,cvanhallern@123-reg.co.uk,Female,45.32.216.123
997,Buckie,Braga,bbragaro@clickbank.net,Male,70.74.2.141
998,Baron,Canham,bcanhamrp@ocn.ne.jp,Male,246.49.61.67
999,Verney,Lacroutz,vlacroutzrq@baidu.com,Male,180.233.242.184
1000,Aloysia,Rathbone,arathbonerr@stumbleupon.com,Female,136.14.89.80
